insert into user(id, name, firstname, username, password, age) values(1, 'BARTHEZ', 'Fanny', 'fanny.barthez@hotmail.fr', 'FBpassword', 37)
insert into user(id, name, firstname, username, password, age) values(2, 'DEVAUX', 'Clara', 'clara.devaux31@outlook.fr', 'CDpassword', 25)
insert into user(id, name, firstname, username, password, age) values(3, 'MENDOLA', 'Thomas', 'thomasmendola@outlook.fr', 'TMpassword', 36)
insert into user(id, name, firstname, username, password, age) values(4, 'CHANEL', 'Marie', 'marie-benedicte.chanel@wanadoo.fr', 'MCpassword', 36)
insert into user(id, name, firstname, username, password, age) values(5, 'REVILLON', 'Thaïs', 'trevillon@jehann.fr', 'TRpassword', 28)
insert into user(id, name, firstname, username, password, age) values(6, 'RHEAUME', 'Eglantine', 'eglantineRheaume@jourrapide.com', 'eeD1aov1', 32)
insert into user(id, name, firstname, username, password, age) values(7, 'GROSVENOR', 'Roussel', 'grosvenorRoussel@rhyta.com', 'badied6Tah', 33)
insert into user(id, name, firstname, username, password, age) values(8, 'ARRIDANO', 'Gregoire', 'arridanoGregoire@rhyta.com', 'Geweu4toh', 77)
insert into user(id, name, firstname, username, password, age) values(9, 'LARIVIERE', 'Émilie', 'emilieLariviere@rhyta.com', 'peidiNg4ee', 30)
insert into user(id, name, firstname, username, password, age) values(10, 'CARTIER', 'Sébastien', 'sebastienCartier@dayrep.com', 'ARi0Vahtah', 28)


insert into budget(id, name, description) values(1, "Vacances Corse", "Départ Lyon - Bateau - Location voiture et plage dans les calanques au soleil. Du 12/08/2021 au 25/08/2021")
insert into budget(id, name, description) values(2, "Anniversaire Fanny", "Cagnotte pour la soirée et cadeau d'anniversaire")
insert into budget(id, name, description) values(3, "Anniversaire de mariage de Papi et Mamie", "")
insert into budget(id, name, description) values(4, "Vacances ski Février 2022 <3 *.*", "Essences, courses raclette et alcool, location matériels, forfaits, sorties")
insert into budget(id, name, description) values(5, "Erasmus en Italie", "Loyer logement, sorties, souvenirs, billets de transports, autres")
insert into budget(id, name, description) values(6, "Vacances Corse2", "Départ Lyon - Bateau - Location voiture et plage dans les calanques au soleil. Du 12/08/2022 au 25/08/2022")
insert into budget(id, name, description) values(7, "Réunion de famille", "du 22/06/2022 au 30/06/2022")
insert into budget(id, name, description) values(8, "Budget ARRIDANO Gregoire Janvier 2022", "budget personel ARRIDANO Gregoire Janvier 2022")
insert into budget(id, name, description) values(9, "Vacances Maldives", "Vacances en amoureux")
insert into budget(id, name, description) values(10, "budget enfants", "budget de février 2022")
insert into budget(id, name, description) values(11, "Weekend au mont st Michel", "été 2021")


insert into participant(id, username, user_id, budget_id) values(1, 'FannyB', 1, 1)
insert into participant(id, username, user_id, budget_id) values(2, 'FBarthez', 1, 3)
insert into participant(id, username, user_id, budget_id) values(3, 'CDevaux', 2, 3)
insert into participant(id, username, user_id, budget_id) values(4, 'Cailloux', 2, 1)
insert into participant(id, username, user_id, budget_id) values(5, 'TomTom', 3, 1)
insert into participant(id, username, user_id, budget_id) values(6, 'Toto', 3, 4)
insert into participant(id, username, user_id, budget_id) values(7, 'MarieC', 4, 1)
insert into participant(id, username, user_id, budget_id) values(8, 'MCHANEL', 4, 4)
insert into participant(id, username, user_id, budget_id) values(9, 'MCHANEL', 4, 5)
insert into participant(id, username, user_id, budget_id) values(10, 'Thaïs', 5, 1)
insert into participant(id, username, user_id, budget_id) values(11, 'Titi', 5, 2)
insert into participant(id, username, user_id, budget_id) values(12, 'TRevillon', 5, 6)
insert into participant(id, username, budget_id) values(13, 'Mamie', 2)
insert into participant(id, username, budget_id) values(14, 'Laura', 2)
insert into participant(id, username, budget_id) values(15, 'Julien', 5)
insert into participant(id, username, budget_id) values(16, 'Malena', 4)

insert into participant(id, username, user_id, budget_id) values(17, 'Eglantine', 6, 7)
insert into participant(id, username, user_id, budget_id) values(18, 'Roussel', 7, 7)
insert into participant(id, username, user_id, budget_id) values(19, 'Gregoire', 8, 7)
insert into participant(id, username, user_id, budget_id) values(20, 'Émilie', 9, 7)
insert into participant(id, username, user_id, budget_id) values(21, 'Sébastien', 10, 7)

insert into participant(id, username, user_id, budget_id) values(22, 'ARRIDANO Gregoire', 8, 8)

insert into participant(id, username, user_id, budget_id) values(23, 'Chouchou', 9, 9)
insert into participant(id, username, user_id, budget_id) values(24, 'Loulou', 10, 9)

insert into participant(id, username, user_id, budget_id) values(25, 'Eglantine', 6, 10)
insert into participant(id, username, user_id, budget_id) values(26, 'Roussel', 7, 10)

insert into participant(id, username, user_id, budget_id) values(27, 'ARRIDANO Gregoire', 8, 11)
insert into participant(id, username, budget_id) values(28, 'ARRIDANO Vivianne', 11)



insert into expense(id, name, description, montant, budget_id, payeur_id) values(1, 'Essence aller', '250km', 60, 1, 1)
insert into expense(id, name, description, montant, budget_id, payeur_id) values(2, 'Essence retour', '250km', 60, 1, 4)
insert into expense(id, name, description, montant, budget_id, payeur_id) values(3, 'Course apéro', 'Softs, bières et alcool', 120.54, 1, 10)
insert into expense(id, name, description, montant, budget_id, payeur_id) values(4, "Billet bateau", 'Aller-retour pour les 5 personnes', 100, 1, 5)
insert into expense(id, name, description, montant, budget_id, payeur_id) values(5, "Fleurs gateau et cadeaux", "", 75, 2, 11)

insert into expense(id, name, description, montant, budget_id, payeur_id) values(6, "Album photo", '', 38, 3, 3)
insert into expense(id, name, description, montant, budget_id, payeur_id) values(7, 'Location ski', 'Batons, chaussures, ski pour 2', 150, 4, 8)

insert into expense(id, name, description, montant, budget_id, payeur_id) values(8, "Billet d'avion", 'Aller Retour', 400, 5, 15)
insert into expense(id, name, description, montant, budget_id, payeur_id) values(9, 'Soirée', 'Bar + Boite', 60, 5, 9)

insert into expense(id, name, description, montant, budget_id, payeur_id) values(10, 'Essence aller', '250km', 60, 6, 12)
insert into expense(id, name, description, montant, budget_id, payeur_id) values(11, 'Essence retour', '250km', 60, 6, 12)

insert into expense(id, name, description, montant, budget_id, payeur_id) values(12, 'Location hébergement', 'Location hébergement pour la semaine', 800, 7, 17)
insert into expense(id, name, description, montant, budget_id, payeur_id) values(13, 'Nourriture', 'Nourriture pour le début de la semaine', 100, 7, 18)
insert into expense(id, name, description, montant, budget_id, payeur_id) values(14, 'Musée', 'Visite du musée de la région', 37.5, 7, 18)
insert into expense(id, name, description, montant, budget_id, payeur_id) values(15, 'Location véhicule', 'Location du Minivan sur la semaine', 1000, 7, 19)
insert into expense(id, name, description, montant, budget_id, payeur_id) values(16, 'Nourriture', 'Nourriture pour la fin de la semaine', 200, 7, 20)
insert into expense(id, name, description, montant, budget_id, payeur_id) values(17, 'Boissons', 'Boissons pour la semaine', 200, 7, 21)

insert into expense(id, name, description, montant, budget_id, payeur_id) values(18, 'Loyer', 'janvier 2022', 695.52, 8, 22)
insert into expense(id, name, description, montant, budget_id, payeur_id) values(19, 'Charges', 'Eaux et electricité', 205.66, 8, 22)
insert into expense(id, name, description, montant, budget_id, payeur_id) values(20, 'Box Internet', 'janvier 2022', 29.99, 8, 22)
insert into expense(id, name, description, montant, budget_id, payeur_id) values(21, 'Forfait portable', 'janvier 2022', 11.99, 8, 22)
insert into expense(id, name, description, montant, budget_id, payeur_id) values(22, 'Courses1', 'Courses semaine 1', 132.42, 8, 22)
insert into expense(id, name, description, montant, budget_id, payeur_id) values(23, 'Courses2', 'Courses semaine 2', 98.75, 8, 22)
insert into expense(id, name, description, montant, budget_id, payeur_id) values(24, 'Courses3', 'Courses semaine 3', 100.95, 8, 22)
insert into expense(id, name, description, montant, budget_id, payeur_id) values(25, 'Courses4', 'Courses semaine 4', 75.78, 8, 22)

insert into expense(id, name, description, montant, budget_id, payeur_id) values(26, 'avion', 'alles-retour pour 2', 1500, 9, 23)
insert into expense(id, name, description, montant, budget_id, payeur_id) values(27, 'Souvenirs', '', 100, 9, 23)
insert into expense(id, name, description, montant, budget_id, payeur_id) values(28, 'location jet ski', '', 150, 9, 23)
insert into expense(id, name, description, montant, budget_id, payeur_id) values(29, 'Hotel', 'all inclusive', 2000, 9, 24)
insert into expense(id, name, description, montant, budget_id, payeur_id) values(30, 'Souvenirs', '', 50, 9, 24)
insert into expense(id, name, description, montant, budget_id, payeur_id) values(31, 'plongés', 'location materiel', 200, 9, 24)

insert into expense(id, name, description, montant, budget_id, payeur_id) values(32, 'Vêtements', 'survetement', 39.99, 10, 25)
insert into expense(id, name, description, montant, budget_id, payeur_id) values(33, 'Judo', 'mois de février', 30, 10, 26)
insert into expense(id, name, description, montant, budget_id, payeur_id) values(34, 'cantine', 'mois de février', 100, 10, 25)
insert into expense(id, name, description, montant, budget_id, payeur_id) values(35, 'jeux video', 'Mario Party Superstars (Nintendo Switch)', 43.99, 10, 25)
insert into expense(id, name, description, montant, budget_id, payeur_id) values(36, 'gouté', 'mois de février', 40, 10, 26)
insert into expense(id, name, description, montant, budget_id, payeur_id) values(37, 'frais scolaire', 'mois de février', 75, 10, 26)

insert into expense(id, name, description, montant, budget_id, payeur_id) values(38, 'Hotel', 'Chambre pour 2 pour 2 nuits', 550, 11, 27)
insert into expense(id, name, description, montant, budget_id, payeur_id) values(39, 'Restaurant', 'premier soir', 150, 11, 27)
insert into expense(id, name, description, montant, budget_id, payeur_id) values(40, 'Restaurant', 'deuxième soir', 100, 11, 27)
insert into expense(id, name, description, montant, budget_id, payeur_id) values(41, 'Restaurant', 'premier midi', 75, 11, 27)
insert into expense(id, name, description, montant, budget_id, payeur_id) values(42, 'Restaurant', 'deuxième midi', 75, 11, 27)
insert into expense(id, name, description, montant, budget_id, payeur_id) values(43, 'musée', 'Le musée historique du Mont Saint-Michel', 30, 11, 28)
insert into expense(id, name, description, montant, budget_id, payeur_id) values(44, 'musée', 'Le musée maritime', 30, 11, 28)
insert into expense(id, name, description, montant, budget_id, payeur_id) values(45, 'musée', 'La demeure historique du Chevalier Du Guesclin', 30, 11, 28)
insert into expense(id, name, description, montant, budget_id, payeur_id) values(46, 'Souvenir', 'Souvenirs pour la famille', 100, 11, 28)



insert into participant_expense(participant_id, expense_id) values(1, 1)
insert into participant_expense(participant_id, expense_id) values(4, 1)
insert into participant_expense(participant_id, expense_id) values(5, 1)
insert into participant_expense(participant_id, expense_id) values(10, 1)

insert into participant_expense(participant_id, expense_id) values(1, 2)
insert into participant_expense(participant_id, expense_id) values(4, 2)
insert into participant_expense(participant_id, expense_id) values(5, 2)

insert into participant_expense(participant_id, expense_id) values(10, 2)

insert into participant_expense(participant_id, expense_id) values(1, 3)
insert into participant_expense(participant_id, expense_id) values(4, 3)
insert into participant_expense(participant_id, expense_id) values(5, 3)

insert into participant_expense(participant_id, expense_id) values(10, 3)

insert into participant_expense(participant_id, expense_id) values(1, 4)
insert into participant_expense(participant_id, expense_id) values(4, 4)
insert into participant_expense(participant_id, expense_id) values(5, 4)

insert into participant_expense(participant_id, expense_id) values(10, 4)

insert into participant_expense(participant_id, expense_id) values(11, 5)
insert into participant_expense(participant_id, expense_id) values(13, 5)
insert into participant_expense(participant_id, expense_id) values(14, 5)

insert into participant_expense(participant_id, expense_id) values(2, 6)
insert into participant_expense(participant_id, expense_id) values(3, 6)

insert into participant_expense(participant_id, expense_id) values(8, 7)
insert into participant_expense(participant_id, expense_id) values(16, 7)

insert into participant_expense(participant_id, expense_id) values(9, 8)
insert into participant_expense(participant_id, expense_id) values(15, 8)

insert into participant_expense(participant_id, expense_id) values(9, 9)
insert into participant_expense(participant_id, expense_id) values(15, 9)

insert into participant_expense(participant_id, expense_id) values(12, 10)
insert into participant_expense(participant_id, expense_id) values(12, 11)

insert into participant_expense(participant_id, expense_id) values(17, 12)
insert into participant_expense(participant_id, expense_id) values(18, 12)
insert into participant_expense(participant_id, expense_id) values(19, 12)
insert into participant_expense(participant_id, expense_id) values(20, 12)
insert into participant_expense(participant_id, expense_id) values(21, 12)

insert into participant_expense(participant_id, expense_id) values(17, 13)
insert into participant_expense(participant_id, expense_id) values(18, 13)
insert into participant_expense(participant_id, expense_id) values(19, 13)
insert into participant_expense(participant_id, expense_id) values(20, 13)
insert into participant_expense(participant_id, expense_id) values(21, 13)

insert into participant_expense(participant_id, expense_id) values(17, 14)
insert into participant_expense(participant_id, expense_id) values(18, 14)
insert into participant_expense(participant_id, expense_id) values(19, 14)
insert into participant_expense(participant_id, expense_id) values(20, 14)
insert into participant_expense(participant_id, expense_id) values(21, 14)

insert into participant_expense(participant_id, expense_id) values(17, 15)
insert into participant_expense(participant_id, expense_id) values(18, 15)
insert into participant_expense(participant_id, expense_id) values(19, 15)

insert into participant_expense(participant_id, expense_id) values(17, 16)
insert into participant_expense(participant_id, expense_id) values(18, 16)
insert into participant_expense(participant_id, expense_id) values(19, 16)
insert into participant_expense(participant_id, expense_id) values(20, 16)
insert into participant_expense(participant_id, expense_id) values(21, 16)

insert into participant_expense(participant_id, expense_id) values(17, 17)
insert into participant_expense(participant_id, expense_id) values(18, 17)
insert into participant_expense(participant_id, expense_id) values(19, 17)
insert into participant_expense(participant_id, expense_id) values(20, 17)
insert into participant_expense(participant_id, expense_id) values(21, 17)

insert into participant_expense(participant_id, expense_id) values(18, 18)
insert into participant_expense(participant_id, expense_id) values(18, 19)
insert into participant_expense(participant_id, expense_id) values(18, 20)
insert into participant_expense(participant_id, expense_id) values(18, 21)
insert into participant_expense(participant_id, expense_id) values(18, 22)
insert into participant_expense(participant_id, expense_id) values(18, 23)
insert into participant_expense(participant_id, expense_id) values(18, 24)
insert into participant_expense(participant_id, expense_id) values(18, 25)

insert into participant_expense(participant_id, expense_id) values(23, 26)
insert into participant_expense(participant_id, expense_id) values(24, 26)
insert into participant_expense(participant_id, expense_id) values(23, 27)
insert into participant_expense(participant_id, expense_id) values(24, 27)
insert into participant_expense(participant_id, expense_id) values(23, 28)
insert into participant_expense(participant_id, expense_id) values(24, 28)
insert into participant_expense(participant_id, expense_id) values(23, 29)
insert into participant_expense(participant_id, expense_id) values(24, 29)
insert into participant_expense(participant_id, expense_id) values(23, 30)
insert into participant_expense(participant_id, expense_id) values(24, 30)
insert into participant_expense(participant_id, expense_id) values(23, 31)
insert into participant_expense(participant_id, expense_id) values(24, 31)

insert into participant_expense(participant_id, expense_id) values(25, 32)
insert into participant_expense(participant_id, expense_id) values(26, 32)
insert into participant_expense(participant_id, expense_id) values(25, 33)
insert into participant_expense(participant_id, expense_id) values(26, 33)
insert into participant_expense(participant_id, expense_id) values(25, 34)
insert into participant_expense(participant_id, expense_id) values(26, 34)
insert into participant_expense(participant_id, expense_id) values(25, 35)
insert into participant_expense(participant_id, expense_id) values(26, 35)
insert into participant_expense(participant_id, expense_id) values(25, 36)
insert into participant_expense(participant_id, expense_id) values(26, 36)
insert into participant_expense(participant_id, expense_id) values(25, 37)
insert into participant_expense(participant_id, expense_id) values(26, 37)

insert into participant_expense(participant_id, expense_id) values(27, 38)
insert into participant_expense(participant_id, expense_id) values(28, 38)
insert into participant_expense(participant_id, expense_id) values(27, 39)
insert into participant_expense(participant_id, expense_id) values(28, 39)
insert into participant_expense(participant_id, expense_id) values(27, 40)
insert into participant_expense(participant_id, expense_id) values(28, 40)
insert into participant_expense(participant_id, expense_id) values(27, 41)
insert into participant_expense(participant_id, expense_id) values(28, 41)
insert into participant_expense(participant_id, expense_id) values(27, 42)
insert into participant_expense(participant_id, expense_id) values(28, 42)
insert into participant_expense(participant_id, expense_id) values(27, 43)
insert into participant_expense(participant_id, expense_id) values(28, 43)
insert into participant_expense(participant_id, expense_id) values(27, 44)
insert into participant_expense(participant_id, expense_id) values(28, 44)
insert into participant_expense(participant_id, expense_id) values(27, 45)
insert into participant_expense(participant_id, expense_id) values(28, 45)
insert into participant_expense(participant_id, expense_id) values(27, 46)
insert into participant_expense(participant_id, expense_id) values(28, 46)